Date,Name,Year,Letterboxd URI,Rating,Rewatch,Tags,Watched Date
2024-01-07,Sound of Freedom,2023,https://boxd.it/5wcnTZ,3,,streaming,2024-01-06
2024-01-07,When They See Us,2019,https://boxd.it/5wco6p,4.5,,netflix,2024-01-06
2024-01-10,Parasite,2019,https://boxd.it/5y4SXv,5,Yes,streaming,2024-01-09
2024-01-19,Forgotten,2017,https://boxd.it/5CTqcJ,4,,netflix,2024-01-18
2024-01-21,The Notebook,2004,https://boxd.it/5DNNpX,4.5,,prime,2024-01-20
2024-01-22,Cinema Paradiso,1988,https://boxd.it/5EljDj,5,,raiplay,2024-01-21
2024-01-24,"Salò, or the 120 Days of Sodom",1975,https://boxd.it/5FlBWH,3.5,,streaming,2024-01-23
2024-01-27,Poor Things,2023,https://boxd.it/5GQJPv,5,,cinema,2024-01-26
2024-01-29,The Great Gatsby,2013,https://boxd.it/5HXkVr,4,,prime,2024-01-28
2024-01-30,Saltburn,2023,https://boxd.it/5IvJpj,3.5,,prime,2024-01-29
2024-02-01,Killers of the Flower Moon,2023,https://boxd.it/5Jm8Pl,4,,raiplay,2024-01-31
2024-02-02,Chicken Run,2000,https://boxd.it/5K7ADB,3.5,,netflix,2024-02-02
2024-02-04,The Iron Claw,2023,https://boxd.it/5KQlLF,4,,cinema,2024-02-03
2024-02-13,Minions: The Rise of Gru,2022,https://boxd.it/5OU5LX,3,Yes,netflix,2024-02-12
2024-02-20,Belfast,2021,https://boxd.it/5Su2Gz,4,,prime,2024-02-20
2024-02-24,The Zone of Interest,2023,https://boxd.it/5TRxR9,4.5,,cinema,2024-02-23
2024-03-01,Persona,1966,https://boxd.it/5WRuFV,3.5,,streaming,2024-02-29
2024-03-02,Backstroke,2017,https://boxd.it/5XjKYZ,3,,,2024-03-02
2024-03-02,Snake Bite,2016,https://boxd.it/5XjWyT,3.5,,,2024-03-02
2024-03-10,City of God,2002,https://boxd.it/60NbrX,5,,streaming,2024-03-09
2024-03-19,12 Years a Slave,2013,https://boxd.it/65hUt1,4.5,,prime,2024-03-18
2024-03-28,Dune: Part Two,2024,https://boxd.it/69lW2Z,5,,cinema,2024-03-27
2024-04-14,Road House,2024,https://boxd.it/6gI3dd,2.5,,netflix,2024-04-13
2024-04-15,There's Still Tomorrow,2023,https://boxd.it/6hgjmN,5,,netflix,2024-04-14
2024-04-15,Monkey Man,2024,https://boxd.it/6hnp6P,3.5,,cinema,2024-04-14
2024-04-27,Baby Reindeer,2024,https://boxd.it/6lNq7H,3.5,,netflix,2024-04-26
2024-04-28,Kill Bill: Vol. 1,2003,https://boxd.it/6maRXV,5,,netflix,2024-04-27
2024-04-28,Challengers,2024,https://boxd.it/6mnnOl,4.5,,cinema,2024-04-27
2024-05-10,Kill Bill: Vol. 2,2004,https://boxd.it/6rJpBx,4,,netflix,2024-05-10
2024-05-21,Journey to Italy,1954,https://boxd.it/6w7llJ,3,,netflix,2024-05-21
2024-06-02,Damage,1992,https://boxd.it/6AMdMZ,3.5,,prime,2024-06-01
2024-06-08,Lost in Translation,2003,https://boxd.it/6D8nRR,3.5,,prime,2024-06-07
2024-06-10,Coherence,2013,https://boxd.it/6DXgc5,3.5,,prime,2024-06-08
2024-06-10,The Witch,2015,https://boxd.it/6E1Sgx,4.5,,netflix,2024-06-09
2024-06-12,Jackie Brown,1997,https://boxd.it/6EOgBZ,4,,netflix,2024-06-11
2024-06-14,Eric,2024,https://boxd.it/6FAS1L,3.5,,netflix,2024-06-13
2024-06-15,The Devil Wears Prada,2006,https://boxd.it/6FX81B,4.5,,netflix,2024-06-14
2024-06-17,Raging Bull,1980,https://boxd.it/6H6bEj,4,,prime,2024-06-17
2024-06-18,Hours,2013,https://boxd.it/6HgPqh,3,,netflix,2024-06-17
2024-06-22,Inside Out 2,2024,https://boxd.it/6IIIAT,4,,cinema,2024-06-21
2024-07-03,Inside Out,2015,https://boxd.it/6Ncl55,3.5,Yes,netflix,2024-07-02
2024-07-05,Don't Worry Darling,2022,https://boxd.it/6NTMct,4,,prime,2024-07-04
2024-07-12,The Karate Kid,1984,https://boxd.it/6RaMOj,4,Yes,prime,2024-07-11
2024-07-13,The Next Karate Kid,1994,https://boxd.it/6ROl1f,3,,prime,2024-07-13
2024-07-18,The Green Mile,1999,https://boxd.it/6TL1oZ,4.5,,prime,2024-07-17
2024-07-27,Deadpool & Wolverine,2024,https://boxd.it/6Y1lXD,3.5,,cinema,2024-07-26
2024-08-02,Eastern Promises,2007,https://boxd.it/70usXh,3,,prime,2024-08-01
2024-08-02,Immaculate,2024,https://boxd.it/70ECZx,3.5,,cinema,2024-08-01
2024-08-03,My Stepmom's Daughter Is My Ex,2022,https://boxd.it/70TtrL,2.5,,streaming,2024-08-02
2024-08-05,The Dreamers,2003,https://boxd.it/71VOhb,3.5,,streaming,2024-08-04
2024-08-05,Dimensions of Dialogue,1983,https://boxd.it/72d2e5,4,,,2024-08-05
2024-08-05,"Darkness, Light, Darkness",1990,https://boxd.it/72eqTt,4,,,2024-08-05
2024-08-06,The Margin,1976,https://boxd.it/72DdQh,2.5,,streaming,2024-08-06
2024-08-10,What Men Want,2019,https://boxd.it/73T43V,2.5,,netflix,2024-08-09
2024-08-11,The Silence of the Lambs,1991,https://boxd.it/74JU1V,4,,streaming,2024-08-10
2024-08-19,Tolo Tolo,2020,https://boxd.it/78yVoZ,3.5,Yes,netflix,2024-08-19
2024-08-20,Ask Me If I'm Happy,2000,https://boxd.it/78AJQr,3.5,,netflix,2024-08-19
2024-08-20,Three Men and a Leg,1997,https://boxd.it/78CUfP,4,Yes,netflix,2024-08-19
2024-08-21,Cado dalle nubi,2009,https://boxd.it/7939N5,3.5,Yes,netflix,2024-08-20
2024-08-21,The Killing of a Sacred Deer,2017,https://boxd.it/79qaor,4,,prime,2024-08-21
2024-08-23,Requiem for a Dream,2000,https://boxd.it/7afhzX,5,,streaming,2024-08-23
2024-08-25,Le Pupille,2022,https://boxd.it/7bfeml,4,,prime,2024-08-25
2024-08-27,Youth,2015,https://boxd.it/7bUnaZ,4.5,,netflix,2024-08-26
2024-08-27,Paradise,1994,https://boxd.it/7bUsiJ,4,Yes,,2024-08-26
2024-08-29,That's Life,1998,https://boxd.it/7cIpbv,4,,netflix,2024-08-28
2024-08-30,Orphan: First Kill,2022,https://boxd.it/7dhDF5,2,,netflix,2024-08-29
2024-09-01,Anatomy of a Fall,2023,https://boxd.it/7dXH5z,4.5,,streaming,2024-08-31
2024-09-01,Loro,2018,https://boxd.it/7e3ZOf,4.5,,streaming,2024-08-31
2024-09-01,Sabbia,2014,https://boxd.it/7e49Lv,3,,,2024-08-31
2024-09-08,Perfect Blue,1997,https://boxd.it/7hesVr,5,,streaming,2024-09-07
2024-09-09,Ani*Kuri15,2007,https://boxd.it/7hMzjx,4,,,2024-09-08
2024-09-09,Stand by Me,1986,https://boxd.it/7igaJF,3.5,,prime,2024-09-09
2024-09-10,The Metamorphosis,2024,https://boxd.it/7iFXpz,3,,prime,2024-09-10
2024-09-11,The Metamorphosis of Mr. Samsa,1977,https://boxd.it/7iGRmL,3.5,,prime,2024-09-10
2024-09-13,Speak No Evil,2024,https://boxd.it/7jCP7F,4,,cinema,2024-09-13
2024-09-17,Rango,2011,https://boxd.it/7lzaiT,5,Yes,netflix,2024-09-16
2024-09-25,Closing Time,2024,https://boxd.it/7oZ5Dh,3,,,2024-09-25
2024-09-27,Old,2021,https://boxd.it/7pKHMb,4,Yes,netflix,2024-09-26
2024-10-06,Joker: Folie à Deux,2024,https://boxd.it/7tZxpn,3.5,,cinema,2024-10-05
2024-10-10,The Platform 2,2024,https://boxd.it/7vVd3h,3.5,,netflix,2024-10-09
2024-10-12,The Party,2017,https://boxd.it/7wAQUL,4,,prime,2024-10-11
2024-10-13,When Marnie Was There,2014,https://boxd.it/7x3R6P,3.5,,netflix,2024-10-12
2024-10-14,Salmon,2023,https://boxd.it/7ydyaH,4,,,2024-10-14
2024-10-15,The Neighbors' Window,2019,https://boxd.it/7yJdUt,4,,,2024-10-15
2024-10-16,Fear Street: 1994,2021,https://boxd.it/7z0fP5,2,,netflix,2024-10-15
2024-10-16,Alternative Math,2017,https://boxd.it/7zbOEX,3,,,2024-10-16
2024-10-19,Rosemary's Baby,1968,https://boxd.it/7AfS4B,4.5,,streaming,2024-10-18
2024-10-20,Schindler's List,1993,https://boxd.it/7ALNYD,5,,streaming,2024-10-19
2024-10-20,Smile 2,2024,https://boxd.it/7AXRfr,4,,cinema,2024-10-19
2024-10-21,Fear Street: 1978,2021,https://boxd.it/7BxWMH,2.5,,netflix,2024-10-20
2024-10-23,Fear Street: 1666,2021,https://boxd.it/7CxYMj,2.5,,netflix,2024-10-22
2024-10-25,Parthenope,2024,https://boxd.it/7DF84z,5,,cinema,2024-10-24
2024-10-30,Truth or Dare,2018,https://boxd.it/7FVtRR,1.5,,netflix,2024-10-28
2024-10-30,The Consequences of Love,2004,https://boxd.it/7FVtED,4,,streaming,2024-10-29
2024-10-30,Grave of the Fireflies,1988,https://boxd.it/7GncJ3,5,,netflix,2024-10-30
2024-11-03,Scream,1996,https://boxd.it/7I8XC7,3.5,,prime,2024-11-02
2024-11-08,Pearl,2022,https://boxd.it/7KzxW3,4,,streaming,2024-11-07
2024-11-10,Il Divo,2008,https://boxd.it/7LsHTj,4,,streaming,2024-11-09
2024-11-10,Terrifier 3,2024,https://boxd.it/7LOzpp,1.5,,cinema,2024-11-09
2024-11-16,GoodFellas,1990,https://boxd.it/7OvXtp,5,,netflix,2024-11-15
2024-11-17,WHAT DID JACK DO?,2017,https://boxd.it/7PlRdz,3.5,Yes,netflix,2024-11-16
2024-11-21,The Substance,2024,https://boxd.it/7RjOnZ,4,,cinema,2024-11-20
2024-11-25,(500) Days of Summer,2009,https://boxd.it/7TEj5Z,3.5,,streaming,2024-11-24
2024-12-01,Juror #2,2024,https://boxd.it/7WuxPf,3.5,,cinema,2024-11-30
2024-12-04,Look Back,2024,https://boxd.it/7XMA8N,4,,prime,2024-12-03
2024-12-07,M,1931,https://boxd.it/7Z3ArD,4.5,,prime,2024-12-06
2024-12-09,The Squid and the Whale,2005,https://boxd.it/80qGtZ,4.5,,prime,2024-12-08
2024-12-14,Moana 2,2024,https://boxd.it/82HMSt,3,,cinema,2024-12-13
2024-12-15,Boogie Nights,1997,https://boxd.it/837uKt,4.5,,streaming,2024-12-14
2025-01-02,Perfect Strangers,2016,https://boxd.it/8gG5Wr,5,Yes,netflix,2025-01-01
2025-01-05,Nosferatu,2024,https://boxd.it/8jXu2p,4.5,,cinema,2025-01-04
2025-01-17,Frances Ha,2012,https://boxd.it/8uQFAx,3.5,,prime,2025-01-16
2025-01-18,Blue Velvet,1986,https://boxd.it/8vIOEB,4,,streaming,2025-01-17
2025-01-29,Barbie in A Mermaid Tale,2010,https://boxd.it/8EuFVV,1.5,,streaming,2025-01-24
2025-01-29,Lost Highway,1997,https://boxd.it/8EF209,5,,cinema,2025-01-28
2025-01-30,A Man Called Otto,2022,https://boxd.it/8F5neD,3.5,,infinity,2025-01-29
2025-02-02,Companion,2025,https://boxd.it/8HvvLl,3,,cinema,2025-02-01
2025-02-03,Taken,2008,https://boxd.it/8IkemF,4,Yes,prime,2025-02-02
2025-02-05,Aftersun,2022,https://boxd.it/8JTB8Z,4,,mubi,2025-02-04
2025-02-06,Beauty Is Not a Sin,2024,https://boxd.it/8JXxzP,2,,mubi,2025-02-05
2025-02-07,Enter the Void,2009,https://boxd.it/8KvBAZ,5,,mubi,2025-02-06
2025-02-08,Strange Way of Life,2023,https://boxd.it/8LeB0H,2.5,,mubi,2025-02-07
2025-02-08,Reality+,2014,https://boxd.it/8Lfcuz,3.5,,mubi,2025-02-07
2025-02-19,The Man Without a Past,2002,https://boxd.it/8SuuKX,4.5,,mubi,2025-02-18
2025-02-19,The Sweet East,2023,https://boxd.it/8SJgpL,4,,mubi,2025-02-18
2025-02-19,Don't Move,2024,https://boxd.it/8SLS67,1.5,,netflix,2025-02-18
2025-02-20,Maurice's Bar,2023,https://boxd.it/8T5aVF,4.5,,mubi,2025-02-19
2025-02-21,The Grudge,2019,https://boxd.it/8TWk6X,0.5,,netflix,2025-02-20
2025-02-24,Amélie,2001,https://boxd.it/8VMRx1,4.5,,mubi,2025-02-23
2025-02-24,Sausage Party,2016,https://boxd.it/8W4COd,2,,netflix,2025-02-23
2025-02-25,The Brutalist,2024,https://boxd.it/8WI3ax,4.5,,cinema,2025-02-24
2025-02-26,Incoherence,1994,https://boxd.it/8Xx0Rb,4,,mubi,2025-02-26
2025-02-28,Diary of a Nymphomaniac,2008,https://boxd.it/8YeQBv,2,,prime,2025-02-27
2025-03-02,Heretic,2024,https://boxd.it/8ZIynp,4,,cinema,2025-03-01
2025-03-03,Y Tu Mamá También,2001,https://boxd.it/901apf,4,,netflix,2025-03-02
2025-03-04,In the Mood for Love,2000,https://boxd.it/90Ulvj,4,,mubi,2025-03-03
2025-03-08,"Girl, Interrupted",1999,https://boxd.it/939jdv,4.5,,prime,2025-03-07
2025-03-11,The Girl with the Needle,2024,https://boxd.it/95tGM7,4,,mubi,2025-03-10
2025-03-11,L'avance,2024,https://boxd.it/95V3CD,3.5,,mubi,2025-03-11
2025-03-16,Tokyo Sonata,2008,https://boxd.it/98f2Th,5,,mubi,2025-03-15
2025-03-21,Adolescence,2025,https://boxd.it/9bDYSh,4,,netflix,2025-03-21
2025-03-23,Bridget Jones's Diary,2001,https://boxd.it/9cmCZZ,3,,netflix,2025-03-22
2025-03-30,The Virgin Suicides,1999,https://boxd.it/9gdcKR,3.5,,netflix,2025-03-28
2025-04-05,Fallen Angels,1995,https://boxd.it/9jxrPf,4.5,,mubi,2025-04-04
2025-04-05,Io Capitano,2023,https://boxd.it/9k4dk9,4.5,,raiplay,2025-04-05
2025-04-12,Black Mirror: Common People,2025,https://boxd.it/9o07Wf,3.5,,,2025-04-12
2025-04-12,"Love, Death & Robots: Three Robots",2019,https://boxd.it/9o0Bw7,4,Yes,,2025-04-12
2025-04-12,"Love, Death & Robots: Bad Travelling",2022,https://boxd.it/9o0UUn,4.5,,,2025-04-12
2025-04-14,Bao,2018,https://boxd.it/9oOYAB,4,,,2025-04-13
2025-04-14,"Love, Death & Robots: Beyond the Aquila Rift",2019,https://boxd.it/9phMzT,4,,,2025-04-14
2025-04-14,"Love, Death & Robots: Ice Age",2019,https://boxd.it/9phT1p,3,Yes,,2025-04-14
2025-04-14,"Love, Death & Robots: When the Yogurt Took Over",2019,https://boxd.it/9phXjH,3,,,2025-04-14
2025-04-14,"Love, Death & Robots: Sonnie's Edge",2019,https://boxd.it/9pibGv,3.5,,,2025-04-14
2025-04-15,"Love, Death & Robots: The Secret War",2019,https://boxd.it/9puxk1,3.5,,,2025-04-14
2025-04-15,Black Mirror: Bête Noire,2025,https://boxd.it/9pw6If,2.5,,,2025-04-14
2025-04-15,Black Mirror: Hotel Reverie,2025,https://boxd.it/9pQtX3,3.5,,,2025-04-15
2025-04-17,Black Mirror: Plaything,2025,https://boxd.it/9qw9vn,3.5,,,2025-04-16
2025-04-17,Black Mirror: Shut Up and Dance,2016,https://boxd.it/9qS4RR,4,Yes,,2025-04-17
2025-04-18,Black Mirror: White Christmas,2014,https://boxd.it/9rlW01,4,Yes,,2025-04-18
2025-04-18,Black Mirror: White Bear,2013,https://boxd.it/9rvPQf,3.5,Yes,,2025-04-18
2025-04-19,Black Mirror: The National Anthem,2011,https://boxd.it/9rwJqn,4,Yes,,2025-04-18
2025-04-19,Black Mirror: Playtest,2016,https://boxd.it/9rYxaj,3.5,Yes,,2025-04-18
2025-04-19,Black Mirror: Be Right Back,2013,https://boxd.it/9sctrN,3,Yes,,2025-04-19
2025-04-21,Drop,2025,https://boxd.it/9tjRGZ,2.5,,cinema,2025-04-20
2025-04-23,Us,2019,https://boxd.it/9uH961,4,,netflix,2025-04-22
2025-04-24,Super Size Me,2004,https://boxd.it/9uXlgz,3.5,,prime,2025-04-23
2025-04-26,Black Mirror: USS Callister,2017,https://boxd.it/9wyN7t,3,Yes,,2025-04-26
2025-04-27,Black Mirror: USS Callister – Into Infinity,2025,https://boxd.it/9wAWg9,3,,,2025-04-26
2025-04-27,Black Mirror: Eulogy,2025,https://boxd.it/9wC2rz,3.5,,,2025-04-26
2025-04-27,Make Me a Sandwich,2019,https://boxd.it/9wHpXX,1.5,,,2025-04-26
2025-04-27,Until Dawn,2025,https://boxd.it/9wVGar,1.5,,cinema,2025-04-26
2025-04-30,The Croods,2013,https://boxd.it/9yriy3,3.5,Yes,netflix,2025-04-28
2025-04-30,8½,1963,https://boxd.it/9yT67b,5,,infinity,2025-04-30
2025-05-03,The Father,2020,https://boxd.it/9Abs0h,4.5,,infinity,2025-05-02
2025-05-04,"The Legend of Al, John and Jack",2002,https://boxd.it/9AGmV9,3.5,,netflix,2025-05-03
2025-05-07,Conclave,2024,https://boxd.it/9CHkuv,4.5,,streaming,2025-05-06
2025-05-09,Mystic River,2003,https://boxd.it/9DH9wz,3.5,,prime,2025-05-08
2025-05-11,Sleepers,1996,https://boxd.it/9EICz9,4,,prime,2025-05-10
2025-05-13,Enemy,2013,https://boxd.it/9G0kbN,4,,prime,2025-05-12
2025-05-14,The Texas Chain Saw Massacre,1974,https://boxd.it/9H1ktD,4,,prime,2025-05-14
2025-05-16,"Love, Death & Robots: Helping Hand",2019,https://boxd.it/9HB14L,4,Yes,,2025-05-15
2025-05-16,The Northman,2022,https://boxd.it/9I27cF,4.5,,netflix,2025-05-16
2025-05-16,"Love, Death & Robots: Alternate Histories",2019,https://boxd.it/9I29gp,3.5,,,2025-05-16
2025-05-17,"Love, Death & Robots: Can't Stop",2025,https://boxd.it/9Incej,3,,,2025-05-17
2025-05-17,"Love, Death & Robots: Close Encounters of the Mini Kind",2025,https://boxd.it/9Incrx,3.5,,,2025-05-17
2025-05-17,"Love, Death & Robots: Spider Rose",2025,https://boxd.it/9IncFJ,3,,,2025-05-17
2025-05-17,"Love, Death & Robots: 400 Boys",2025,https://boxd.it/9Izy37,3.5,,,2025-05-17
2025-05-17,"Love, Death & Robots: The Other Large Thing",2025,https://boxd.it/9Izyhj,4,,,2025-05-17
2025-05-17,"Love, Death & Robots: Golgotha",2025,https://boxd.it/9IzFFR,2,,,2025-05-17
2025-05-17,"Love, Death & Robots: The Screaming of the Tyrannosaur",2025,https://boxd.it/9IzQrL,3.5,,,2025-05-17
2025-05-17,"Love, Death & Robots: How Zeke Got Religion",2025,https://boxd.it/9IA2OH,4,,,2025-05-17
2025-05-17,"Love, Death & Robots: Smart Appliances, Stupid Owners",2025,https://boxd.it/9IAfIH,3,,,2025-05-17
2025-05-17,"Love, Death & Robots: For He Can Creep",2025,https://boxd.it/9IAsyl,3.5,,,2025-05-17
2025-05-30,Oldboy,2003,https://boxd.it/9Qfz8T,5,Yes,prime,2025-05-29
2025-05-30,The Phoenician Scheme,2025,https://boxd.it/9Qn06z,4.5,,cinema,2025-05-29
2025-05-31,Nowhere,2023,https://boxd.it/9R1xpT,2.5,,netflix,2025-05-30
2025-06-03,Mad Max: Fury Road,2015,https://boxd.it/9TiEHx,5,Yes,netflix,2025-06-03
2025-06-07,Seven Samurai,1954,https://boxd.it/9Vy3iP,5,,prime,2025-06-07
2025-06-08,The Florida Project,2017,https://boxd.it/9VCaYr,4.5,,mubi,2025-06-07
2025-06-08,World of Glory,1991,https://boxd.it/9We8Hp,4,,mubi,2025-06-08
2025-06-10,The House,2022,https://boxd.it/9X5E8H,4.5,,netflix,2025-06-09
2025-06-11,This Must Be the Place,2011,https://boxd.it/9XI34V,4.5,,infinity,2025-06-10
2025-06-15,Cast Away,2000,https://boxd.it/a072eX,3.5,,prime,2025-06-14
2025-08-12,Late Night with the Devil,2023,https://boxd.it/aH99hF,4,,streaming,2025-06-18
2025-06-20,Birdman or (The Unexpected Virtue of Ignorance),2014,https://boxd.it/a3j8uj,4.5,,streaming,2025-06-19
2025-06-21,Dr. Strangelove or: How I Learned to Stop Worrying and Love the Bomb,1964,https://boxd.it/a3WrUN,5,,streaming,2025-06-20
2025-06-22,Detachment,2011,https://boxd.it/a4GbNj,4.5,Yes,prime,2025-06-21
2025-06-23,Scenes from a Marriage,1974,https://boxd.it/a5LPmL,4,,mubi,2025-06-22
2025-07-02,28 Days Later,2002,https://boxd.it/abp10b,4,,prime,2025-07-01
2025-07-12,Circle,2015,https://boxd.it/aiCii1,3,,netflix,2025-07-11
2025-07-22,Revenge,2017,https://boxd.it/aqdFVn,3.5,,mubi,2025-07-21
2025-07-23,Skins,2017,https://boxd.it/arfFSr,2,,netflix,2025-07-22
2025-07-24,The Lobster,2015,https://boxd.it/asn1WD,4.5,,streaming,2025-07-24
2025-07-26,Her,2013,https://boxd.it/atf2PV,5,Yes,mubi,2025-07-25
2025-08-07,Twin Peaks,1989,https://boxd.it/aDvNvP,5,,mubi,2025-08-06
2025-08-08,Twin Peaks: Fire Walk with Me,1992,https://boxd.it/aE4dXX,4.5,,streaming,2025-08-07
2025-08-10,Dead Poets Society,1989,https://boxd.it/aFG8Bd,4,,netflix,2025-08-09
2025-08-12,Lux Æterna,2019,https://boxd.it/aH7UAb,3.5,,mubi,2025-08-11
2025-08-17,Mia,2023,https://boxd.it/aKGJSb,3.5,,prime,2025-08-16
2025-08-20,The Boy and the Heron,2023,https://boxd.it/aN1KrF,3.5,,netflix,2025-08-19
2025-08-31,Come and See,1985,https://boxd.it/aUCOSR,5,,kraken,2025-08-30
2025-09-12,Elephant,2003,https://boxd.it/b2tXFh,4,,kraken,2025-09-11
2025-09-13,The Conjuring: Last Rites,2025,https://boxd.it/b3cpjV,3,,cinema,2025-09-12
2025-09-18,The Money,2004,https://boxd.it/b6b75r,3,,,2025-09-17
2025-09-20,If Anything Happens I Love You,2020,https://boxd.it/b7as0p,4,,netflix,2025-09-19
2025-09-21,Corpse Bride,2005,https://boxd.it/b7IuOz,4,Yes,prime,2025-09-20
2025-10-07,Queer,2024,https://boxd.it/bhSrc3,4,,mubi,2025-10-04
2025-10-06,One Battle After Another,2025,https://boxd.it/bhaUbl,4.5,,cinema,2025-10-05
2025-10-10,Enter the Void,2009,https://boxd.it/bjtGwl,5,Yes,mubi,2025-10-08
2025-10-10,X,2022,https://boxd.it/bjvYFJ,4,,mubi,2025-10-09
2025-10-11,Together,2025,https://boxd.it/bkhD1z,3,,cinema,2025-10-10
2025-10-13,Megalopolis,2024,https://boxd.it/blA1D3,2.5,,mubi,2025-10-12
2025-10-14,The Straight Story,1999,https://boxd.it/bmQc9J,3.5,,mubi,2025-10-14
2025-10-16,The Intern,2015,https://boxd.it/bnx77z,3.5,,netflix,2025-10-15
2025-10-16,Uncut Gems,2019,https://boxd.it/bnJjQF,4.5,,netflix,2025-10-15
2025-10-18,Il Baracchino,2025,https://boxd.it/boJcSN,4,,prime,2025-10-17
2025-10-21,Secret Level - Sifu: It Takes a Life,2024,https://boxd.it/brsKKB,4.5,,,2025-10-21
2025-10-21,Secret Level - Dungeons & Dragons: The Queen's Cradle,2024,https://boxd.it/brsXuh,3.5,,,2025-10-21
2025-10-26,The Players,2020,https://boxd.it/burjP5,2.5,,prime,2025-10-25
2025-11-01,MaXXXine,2024,https://boxd.it/byggE3,3,,kraken,2025-10-30
2025-11-11,The Cord,2019,https://boxd.it/bFsWwR,4,,,2025-11-10
2025-11-24,Mia,2023,https://boxd.it/bOQRmr,3.5,Yes,prime,2025-11-22
2025-12-09,Sun In Buckets,2013,https://boxd.it/bZ3M07,3.5,Yes,netflix,2025-12-05
2025-12-08,Arrival,2016,https://boxd.it/bYiSIl,4.5,,netflix,2025-12-07
2025-12-09,What a Beautiful Day,2011,https://boxd.it/bZ3Miv,3,Yes,netflix,2025-12-08
2025-12-12,Five Nights at Freddy's 2,2025,https://boxd.it/c0U8sZ,2.5,,cinema,2025-12-11
2025-12-17,Where Am I Going?,2016,https://boxd.it/c5a7br,3.5,Yes,netflix,2025-12-16
2025-12-18,War Dogs,2016,https://boxd.it/c5Ah9d,4,Yes,netflix,2025-12-17
2025-12-20,Tolo Tolo,2020,https://boxd.it/c7pPKt,3.5,Yes,netflix,2025-12-18
2025-12-23,Avatar: Fire and Ash,2025,https://boxd.it/caWIBd,4,,cinema,2025-12-22
2025-12-24,Nuremberg,2025,https://boxd.it/cck5ld,4.5,,cinema,2025-12-23
2026-01-16,Stranger Things 5: The Finale,2025,https://boxd.it/cEjVZf,3.5,,netflix,2026-01-01
2026-01-03,Road Trip,2000,https://boxd.it/coB33j,2.5,,netflix,2026-01-02
2026-01-08,Buen Camino,2025,https://boxd.it/cvVIGT,3.5,,kraken,2026-01-07
2026-01-17,Zootopia,2016,https://boxd.it/cFeCgp,3.5,,kraken,2026-01-15
2026-01-17,No Other Choice,2025,https://boxd.it/cFJqNt,5,,cinema,2026-01-16
2026-01-20,Sympathy for Mr. Vengeance,2002,https://boxd.it/cJi1rp,4.5,,prime,2026-01-19
2026-01-21,Lady Vengeance,2005,https://boxd.it/cJNNy1,4,,prime,2026-01-20
2026-01-22,Home,2015,https://boxd.it/cKMk9D,2,,netflix,2026-01-20
2026-01-22,Playing God,2024,https://boxd.it/cLvRDr,4,,,2026-01-22
2026-01-23,One Man Up,2001,https://boxd.it/cLLDHr,4.5,,kraken,2026-01-22
2026-01-23,La Grazia,2025,https://boxd.it/cLZmHx,4.5,,cinema,2026-01-22
2026-01-28,Casino Royale,2006,https://boxd.it/cRN3JJ,4,,netflix,2026-01-27
2026-01-30,Compagni di scuola,1988,https://boxd.it/cTBegn,4.5,,netflix,2026-01-29
2026-02-05,Marty Supreme,2025,https://boxd.it/cZwTdN,4.5,,cinema,2026-02-04
2026-02-11,Following,1998,https://boxd.it/d4Ct19,4.5,,mubi,2026-02-10
2026-02-11,The Housemaid,2025,https://boxd.it/d4ZutT,3.5,,kraken,2026-02-10
2026-02-13,Una terapia di gruppo,2024,https://boxd.it/d6zgnD,3,,netflix,2026-02-12
2026-02-15,AlphaGo,2017,https://boxd.it/d8ihOf,4,,youtube,2026-02-14
2026-02-18,Crime 101,2026,https://boxd.it/dbylg1,3.5,,cinema,2026-02-17
2026-03-13,How to Have Sex,2023,https://boxd.it/duvYp7,3.5,,mubi,2026-03-12
2026-03-22,Sinners,2025,https://boxd.it/dD16Bf,4.5,,cinema,2026-03-21
2026-03-23,Project Hail Mary,2026,https://boxd.it/dDG8Yn,4.5,,cinema,2026-03-22
2026-03-27,Polytechnique,2009,https://boxd.it/dGLnvx,4,,mubi,2026-03-26
2026-05-03,The Devil Wears Prada 2,2026,https://boxd.it/ed1ztj,3,,cinema,2026-05-02
2026-05-10,Unnatural Selection,2019,https://boxd.it/eikLKz,4,,netflix,2026-05-09
2026-05-14,Michael,2026,https://boxd.it/elPLCz,4,,cinema,2026-05-13
2026-05-19,Obsession,2025,https://boxd.it/eq40nN,4,,cinema,2026-05-18
2026-05-23,La Pallastrike sull'Isola di Pasqua,2008,https://boxd.it/etlkeH,3.5,Yes,youtube,2026-05-23
2026-05-23,Gli Straspeed a Crazy World,2008,https://boxd.it/etmoYB,3.5,Yes,youtube,2026-05-23
