Date,Name,Year,Letterboxd URI,Rating
2023-07-05,Parasite,2019,https://boxd.it/hTha,5
2023-07-05,Fight Club,1999,https://boxd.it/2a9q,5
2023-07-05,Joker,2019,https://boxd.it/h4cS,5
2023-07-05,The Batman,2022,https://boxd.it/eDGs,4
2023-07-05,Spider-Man: Into the Spider-Verse,2018,https://boxd.it/azpY,4
2023-07-05,Pulp Fiction,1994,https://boxd.it/29Pq,5
2023-07-05,Midsommar,2019,https://boxd.it/jhxe,5
2023-07-05,Get Out,2017,https://boxd.it/eOCm,4
2023-07-05,Whiplash,2014,https://boxd.it/7bQA,5
2023-07-05,The Dark Knight,2008,https://boxd.it/2b0k,5
2023-07-05,Spider-Man: No Way Home,2021,https://boxd.it/nwRw,3
2023-07-05,The Grand Budapest Hotel,2014,https://boxd.it/3ZqO,5
2023-07-05,The Menu,2022,https://boxd.it/lScm,4
2023-07-05,American Psycho,2000,https://boxd.it/28Vs,4
2023-07-05,Dune,2021,https://boxd.it/fA7G,4
2023-07-05,The Wolf of Wall Street,2013,https://boxd.it/3C1m,5
2023-07-05,Once Upon a Time... in Hollywood,2019,https://boxd.it/gH0O,5
2023-07-05,The Truman Show,1998,https://boxd.it/18U8,4
2023-07-05,The Shining,1980,https://boxd.it/29Nu,4
2023-07-05,Spirited Away,2001,https://boxd.it/2b4m,4
2023-07-05,Glass Onion,2022,https://boxd.it/oCkK,3
2023-07-05,Avengers: Infinity War,2018,https://boxd.it/9vEe,3
2023-07-05,Avengers: Endgame,2019,https://boxd.it/9vE4,3
2023-07-05,Her,2013,https://boxd.it/4O24,5
2023-07-05,The Social Network,2010,https://boxd.it/17ue,4
2023-07-05,Se7en,1995,https://boxd.it/29zs,5
2023-07-05,Django Unchained,2012,https://boxd.it/2cCk,5
2023-07-05,The Godfather,1972,https://boxd.it/2aNK,5
2023-07-05,Taxi Driver,1976,https://boxd.it/2b8y,5
2023-07-05,Spider-Man: Across the Spider-Verse,2023,https://boxd.it/kSz4,4
2023-07-05,Shutter Island,2010,https://boxd.it/1U82,5
2023-07-05,Don't Look Up,2021,https://boxd.it/o0Hc,3
2023-07-05,Avatar: The Way of Water,2022,https://boxd.it/2E2E,4
2023-07-05,1917,2019,https://boxd.it/jj4y,5
2023-07-05,Mad Max: Fury Road,2015,https://boxd.it/2DjO,5
2023-07-05,Drive,2011,https://boxd.it/IG,4
2023-07-05,Avatar,2009,https://boxd.it/1Efm,4
2023-07-05,Titanic,1997,https://boxd.it/2a2k,5
2023-07-05,Dunkirk,2017,https://boxd.it/d0Y6,4
2023-07-05,WALL·E,2008,https://boxd.it/1VEo,5
2023-07-05,No Country for Old Men,2007,https://boxd.it/21ew,4
2023-07-05,2001: A Space Odyssey,1968,https://boxd.it/2bf0,5
2023-07-05,Good Will Hunting,1997,https://boxd.it/2ahY,5
2023-07-05,Prisoners,2013,https://boxd.it/4E5i,5
2023-07-05,Jurassic Park,1993,https://boxd.it/2aA2,4
2023-07-05,A Clockwork Orange,1971,https://boxd.it/2aVE,5
2023-07-05,Zodiac,2007,https://boxd.it/27MO,4
2023-07-05,Catch Me If You Can,2002,https://boxd.it/29VS,5
2023-07-05,Batman Begins,2005,https://boxd.it/2aIg,3
2023-07-05,The Whale,2022,https://boxd.it/tw4c,5
2023-07-05,The Martian,2015,https://boxd.it/8SeG,4
2023-07-05,Jaws,1975,https://boxd.it/2a5e,4
2023-07-05,Split,2016,https://boxd.it/dgSy,3
2023-07-05,Babylon,2022,https://boxd.it/mM02,4.5
2023-07-05,Oldboy,2003,https://boxd.it/29R2,5
2023-07-05,Léon: The Professional,1994,https://boxd.it/2b8S,5
2023-07-05,The Godfather Part II,1974,https://boxd.it/2aNq,5
2023-07-05,The Hateful Eight,2015,https://boxd.it/8gw8,5
2023-07-05,The Thing,1982,https://boxd.it/294O,3.5
2023-07-05,Saving Private Ryan,1998,https://boxd.it/29ro,4.5
2023-07-05,The Irishman,2019,https://boxd.it/dYOq,4.5
2023-07-05,mother!,2017,https://boxd.it/dgRU,5
2023-07-05,Halloween,1978,https://boxd.it/2wRu,3
2023-07-05,The Black Phone,2021,https://boxd.it/sqFE,3.5
2023-07-05,Guillermo del Toro's Pinocchio,2022,https://boxd.it/kjMW,3.5
2023-07-05,All Quiet on the Western Front,2022,https://boxd.it/H08,5
2023-07-05,One Flew Over the Cuckoo's Nest,1975,https://boxd.it/2aeA,5
2023-07-05,The Pianist,2002,https://boxd.it/2aqc,5
2023-07-05,The Queen's Gambit,2020,https://boxd.it/s1Ym,4.5
2023-07-05,Akira,1988,https://boxd.it/2b1i,3.5
2023-07-05,Smile,2022,https://boxd.it/xjfE,3.5
2023-07-05,La Haine,1995,https://boxd.it/2as8,5
2023-07-05,Rocky,1976,https://boxd.it/28Uk,4
2023-07-05,Aquaman,2018,https://boxd.it/9ru0,3
2023-07-05,Despicable Me,2010,https://boxd.it/1DD8,4
2023-07-05,Old,2021,https://boxd.it/npKI,4
2023-07-05,Saw,2004,https://boxd.it/2aWW,3.5
2023-07-05,Air,2023,https://boxd.it/Arlc,3.5
2023-07-05,El Camino: A Breaking Bad Movie,2019,https://boxd.it/kv0q,3
2023-07-05,Chernobyl,2019,https://boxd.it/mkbG,4.5
2023-07-05,The Intouchables,2011,https://boxd.it/2FT0,4
2023-07-06,Life Is Beautiful,1997,https://boxd.it/29Wm,5
2023-07-06,Tear Along the Dotted Line,2021,https://boxd.it/y2r6,4
2023-07-06,This World Can't Tear Me Down,2023,https://boxd.it/H11u,3.5
2023-07-06,The Flash,2023,https://boxd.it/9twC,3
2023-07-07,Suspiria,1977,https://boxd.it/1SNW,3.5
2023-07-07,Luca,2021,https://boxd.it/ipjC,4.5
2023-07-07,Hacksaw Ridge,2016,https://boxd.it/azew,5
2023-07-07,The Ninth Gate,1999,https://boxd.it/29YM,4
2023-07-07,Shutter,2004,https://boxd.it/1JbY,3.5
2023-07-07,The Babadook,2014,https://boxd.it/77xu,4.5
2023-07-07,The Village,2004,https://boxd.it/21iS,3.5
2023-07-07,Just Mercy,2019,https://boxd.it/iXj2,3.5
2023-07-07,3-Iron,2004,https://boxd.it/28WK,4
2023-07-07,Labyrinth of Lies,2014,https://boxd.it/8VtE,3
2023-07-07,YES DAY,2021,https://boxd.it/nHgc,2
2023-07-07,The Deep End of the Ocean,1999,https://boxd.it/1key,4
2023-07-07,The Bucket List,2007,https://boxd.it/20Ye,4
2023-07-07,The Forgotten Battle,2020,https://boxd.it/nuG2,3.5
2023-07-07,Hunger,2023,https://boxd.it/ExzM,4
2023-07-07,Gomorrah,2008,https://boxd.it/1ZG4,4
2023-07-07,The Guilty,2021,https://boxd.it/kOPW,4
2023-07-07,My Name Is Vendetta,2022,https://boxd.it/wWiK,3
2023-07-07,Southpaw,2015,https://boxd.it/9Phu,4
2023-07-07,17 Again,2009,https://boxd.it/1Jnq,3
2023-07-07,The Game,1997,https://boxd.it/26vC,4.5
2023-07-07,The Girl Next Door,2004,https://boxd.it/1VSq,3.5
2023-07-07,The Sleepover,2020,https://boxd.it/nbIy,2
2023-07-07,Love and Monsters,2020,https://boxd.it/lJ6E,3
2023-07-07,A Fall from Grace,2020,https://boxd.it/oc5Y,4
2023-07-07,Sully,2016,https://boxd.it/cD8Q,4
2023-07-07,Someone Has to Die,2020,https://boxd.it/skxk,2.5
2023-07-07,Enola Holmes,2020,https://boxd.it/hX2o,2.5
2023-07-07,Enola Holmes 2,2022,https://boxd.it/vfDe,2
2023-07-07,Captain Phillips,2013,https://boxd.it/3GPK,5
2023-07-07,The Girl with All the Gifts,2016,https://boxd.it/d2lg,3
2023-07-07,The Babysitter,2017,https://boxd.it/eP1w,2.5
2023-07-07,The Great Heist,2020,https://boxd.it/rwSW,4.5
2023-07-07,The Kissing Booth,2018,https://boxd.it/geR0,1.5
2023-07-07,The Kissing Booth 2,2020,https://boxd.it/lrky,1
2023-07-07,The Kissing Booth 3,2021,https://boxd.it/rhOA,0.5
2023-07-07,All Day and a Night,2020,https://boxd.it/jjnU,3
2023-07-07,The Night Before the Exams,2006,https://boxd.it/1fE2,2
2023-07-07,Here Come the Teachers,2018,https://boxd.it/iHS6,2
2023-07-07,The Package,2018,https://boxd.it/ibD4,1.5
2023-07-07,The Perfect Date,2019,https://boxd.it/jP9A,2.5
2023-07-07,Let It Snow,2019,https://boxd.it/9kKg,2.5
2023-07-07,Paul,2011,https://boxd.it/13uE,3
2023-07-10,There Will Be Blood,2007,https://boxd.it/20Z2,4.5
2023-07-12,What's Eating Gilbert Grape,1993,https://boxd.it/28xg,4.5
2023-07-12,Donnie Darko,2001,https://boxd.it/2b2A,4.5
2023-07-13,Deep Red,1975,https://boxd.it/1E1E,4
2023-07-13,Manchester by the Sea,2016,https://boxd.it/b2L0,4.5
2023-07-16,Scarface,1983,https://boxd.it/2b7g,4.5
2023-07-17,The Pursuit of Happyness,2006,https://boxd.it/28PE,4.5
2023-07-20,Ford v Ferrari,2019,https://boxd.it/ce74,5
2023-07-21,Mr. & Mrs. Smith,2005,https://boxd.it/29CG,4.5
2023-07-22,The Founder,2016,https://boxd.it/9XwM,4.5
2023-07-22,Gone Girl,2014,https://boxd.it/6hQu,4.5
2023-07-22,The Boogeyman,2023,https://boxd.it/jnna,3.5
2023-07-22,Halloween,2018,https://boxd.it/f0uE,3
2023-07-22,Halloween Ends,2022,https://boxd.it/mO8M,3
2023-07-22,Friday the 13th,2009,https://boxd.it/1QAw,3
2023-07-22,Teen Wolf: The Movie,2023,https://boxd.it/x7gA,2.5
2023-07-22,Evil Dead Rise,2023,https://boxd.it/qIvo,3
2023-07-23,Child's Play,1988,https://boxd.it/1VTo,2.5
2023-07-24,Lady Bird,2017,https://boxd.it/dGNE,3.5
2023-07-24,Sonic the Hedgehog,2020,https://boxd.it/gdK8,2.5
2023-07-25,Despicable Me 2,2013,https://boxd.it/3gg0,3.5
2023-07-25,The Croods,2013,https://boxd.it/FRE,3.5
2023-07-25,Happy Feet,2006,https://boxd.it/1XH0,3.5
2023-07-25,The Emoji Movie,2017,https://boxd.it/d9x4,2.5
2023-07-25,The Smurfs,2011,https://boxd.it/Zcm,4
2023-07-26,Beautiful Boy,2018,https://boxd.it/g76Q,4.5
2023-07-26,Detachment,2011,https://boxd.it/2BiY,4.5
2023-07-26,Blood Diamond,2006,https://boxd.it/28Tm,4.5
2023-07-26,Nanny McPhee,2005,https://boxd.it/1Uek,3
2023-07-27,American Beauty,1999,https://boxd.it/71Y,5
2023-07-28,Annabelle,2014,https://boxd.it/7l84,2.5
2023-07-28,Tusk,2014,https://boxd.it/7eoa,3
2023-07-28,I Am Legend,2007,https://boxd.it/21DG,4.5
2023-07-28,Saw II,2005,https://boxd.it/2aRs,3
2023-07-28,Inception,2010,https://boxd.it/1skk,4
2023-07-29,The Terminal,2004,https://boxd.it/2a2O,3.5
2023-07-29,Two Is a Family,2016,https://boxd.it/dk7w,3
2023-07-29,Torno indietro e cambio vita,2015,https://boxd.it/byAy,3
2023-07-29,Unbroken,2014,https://boxd.it/6IaA,4.5
2023-07-29,Taken,2008,https://boxd.it/1ZXa,4
2023-07-29,Bright,2017,https://boxd.it/e1H8,2.5
2023-07-30,La La Land,2016,https://boxd.it/a5fa,4.5
2023-07-30,Fukushima 50,2020,https://boxd.it/kCMG,4
2023-07-31,Pinocchio,2019,https://boxd.it/ezZ6,2.5
2023-07-31,The Hand of God,2021,https://boxd.it/r5uI,4.5
2023-07-31,Interstellar,2014,https://boxd.it/4VZ8,4.5
2023-07-31,The Match,2019,https://boxd.it/p1GG,3.5
2023-07-31,Memento,2000,https://boxd.it/2bcK,4.5
2023-07-31,The Theory of Everything,2014,https://boxd.it/7YtA,4.5
2023-08-01,Pokémon Detective Pikachu,2019,https://boxd.it/fVA0,2.5
2023-08-01,Pokémon the Movie: Mewtwo Strikes Back - Evolution,2019,https://boxd.it/kZu6,3
2023-08-02,Space Jam,1996,https://boxd.it/26YO,3.5
2023-08-02,The Meg,2018,https://boxd.it/bAL4,3
2023-08-02,How It Ends,2018,https://boxd.it/h2HY,3
2023-08-02,The Midnight Sky,2020,https://boxd.it/mK6C,3.5
2023-08-02,The Main Event,2020,https://boxd.it/nCMs,1.5
2023-08-02,Sierra Burgess Is a Loser,2018,https://boxd.it/gyP4,1
2023-08-02,Sextuplets,2019,https://boxd.it/lqpi,1
2023-08-02,"Game Over, Man!",2018,https://boxd.it/gjaK,2.5
2023-08-02,Inside Bill's Brain: Decoding Bill Gates,2019,https://boxd.it/nsLa,3
2023-08-02,Rim of the World,2019,https://boxd.it/jk4k,2
2023-08-02,Malibu Rescue,2019,https://boxd.it/lagk,1.5
2023-08-02,Coffee & Kareem,2020,https://boxd.it/mKF8,2
2023-08-02,Black Widow,2021,https://boxd.it/hWV8,2.5
2023-08-02,Inglourious Basterds,2009,https://boxd.it/1JzG,4.5
2023-08-02,The Offering,2022,https://boxd.it/A5Em,3
2023-08-02,Night at the Museum,2006,https://boxd.it/28wi,3.5
2023-08-02,Night at the Museum: Battle of the Smithsonian,2009,https://boxd.it/1H7U,3
2023-08-02,Night at the Museum: Secret of the Tomb,2014,https://boxd.it/5x3m,3
2023-08-02,Mrs. Doubtfire,1993,https://boxd.it/29Cw,3.5
2023-08-02,The Boss Baby,2017,https://boxd.it/9mfO,3
2023-08-03,Uncharted,2022,https://boxd.it/b5Dy,2
2023-08-04,Sharknado,2013,https://boxd.it/69Qc,1
2023-08-04,Meg 2: The Trench,2023,https://boxd.it/mLvo,2.5
2023-08-04,Jurassic World,2015,https://boxd.it/4n0g,3.5
2023-08-04,Jurassic World: Fallen Kingdom,2018,https://boxd.it/bOnU,3
2023-08-04,Godzilla vs. Kong,2021,https://boxd.it/e0qK,3
2023-08-04,Godzilla: King of the Monsters,2019,https://boxd.it/cY7Y,3
2023-08-04,Mulholland Drive,2001,https://boxd.it/297o,4.5
2023-08-05,The Hunt,2012,https://boxd.it/3wEC,5
2023-08-08,Baby Driver,2017,https://boxd.it/bhF2,3.5
2023-08-13,Eternal Sunshine of the Spotless Mind,2004,https://boxd.it/6YK,4.5
2023-08-13,How the Grinch Stole Christmas,2000,https://boxd.it/1ZHQ,3.5
2023-08-13,The Mask,1994,https://boxd.it/29rS,3.5
2023-08-13,Alice in Wonderland,2010,https://boxd.it/1Spq,3
2023-08-14,The Departed,2006,https://boxd.it/28MA,5
2023-08-14,Now You See Me,2013,https://boxd.it/2Bsu,3.5
2023-08-15,Rush,2013,https://boxd.it/3lyS,4
2023-08-17,Apocalypse Now,1979,https://boxd.it/6ZS,4
2023-08-18,Super Mario Bros.,1993,https://boxd.it/1YfG,0.5
2023-08-19,Rio,2011,https://boxd.it/NKc,3.5
2023-08-19,Warrior,2011,https://boxd.it/i3G,4.5
2023-08-19,The Fighter,2010,https://boxd.it/PP4,4.5
2023-08-20,The BFG,2016,https://boxd.it/81cs,2
2023-08-21,Mr. Nobody,2009,https://boxd.it/1k44,4.5
2023-08-21,Snowden,2016,https://boxd.it/9CWO,3.5
2023-08-22,Blue Beetle,2023,https://boxd.it/kJLq,3
2023-08-23,The Prestige,2006,https://boxd.it/293w,5
2023-08-24,Oppenheimer,2023,https://boxd.it/wUow,5
2023-08-24,The Lighthouse,2019,https://boxd.it/icFU,5
2023-08-25,Fractured,2019,https://boxd.it/kPL2,4
2023-08-29,Green Book,2018,https://boxd.it/hErk,4
2023-08-30,Framed,2017,https://boxd.it/hQkU,4.5
2023-09-01,Coffee and Cigarettes,2003,https://boxd.it/29nc,5
2023-09-02,"The French Dispatch of the Liberty, Kansas Evening Sun",2021,https://boxd.it/jLP8,5
2023-09-03,High-Rise,2015,https://boxd.it/7tmo,3
2023-09-04,The Shawshank Redemption,1994,https://boxd.it/2aHi,5
2023-09-05,A Beautiful Mind,2001,https://boxd.it/2amk,4.5
2023-09-05,Doubt,2008,https://boxd.it/1OfQ,4.5
2023-09-05,After.Life,2009,https://boxd.it/1aAY,3
2023-09-12,First Man,2018,https://boxd.it/cPym,4
2023-09-13,Dragonball Evolution,2009,https://boxd.it/1ODy,0.5
2023-09-13,Dragon Ball Z: Lord Slug,1991,https://boxd.it/14sY,3.5
2023-09-13,12 Angry Men,1957,https://boxd.it/2auI,5
2023-09-13,12 Angry Men,1997,https://boxd.it/1Sg4,4.5
2023-09-13,Stalled,2022,https://boxd.it/D3na,3
2023-09-14,The Nun II,2023,https://boxd.it/AyRY,2
2023-09-14,Paths of Glory,1957,https://boxd.it/29b6,4.5
2023-09-15,The Revenant,2015,https://boxd.it/8H5e,4
2023-09-16,Blade Runner 2049,2017,https://boxd.it/b8wK,3.5
2023-09-16,Taken 2,2012,https://boxd.it/2TWi,3
2023-09-16,Taken 3,2014,https://boxd.it/7Iqq,2
2023-09-19,Memories of Murder,2003,https://boxd.it/1TSo,5
2023-09-19,Mandela,1996,https://boxd.it/nGI,3
2023-09-19,Saw,2003,https://boxd.it/7eiG,3.5
2023-09-19,Whiplash,2013,https://boxd.it/cJds,4
2023-09-19,Escape Room,2019,https://boxd.it/iYlS,3
2023-09-19,Escape Room: Tournament of Champions,2021,https://boxd.it/lwCM,2.5
2023-09-20,Eyes Wide Shut,1999,https://boxd.it/2axs,4.5
2023-09-21,The Machinist,2004,https://boxd.it/248c,5
2023-09-22,High and Low,1963,https://boxd.it/1RSc,5
2023-09-22,The Great Beauty,2013,https://boxd.it/5ty6,4.5
2023-09-23,Forrest Gump,1994,https://boxd.it/728,4.5
2023-09-23,Ex Machina,2015,https://boxd.it/7T2k,4.5
2023-09-23,The Big Short,2015,https://boxd.it/ajZw,4.5
2023-09-23,"tick, tick... BOOM!",2021,https://boxd.it/jz2e,4
2023-09-23,Your Name.,2016,https://boxd.it/cUqs,4
2023-09-23,Full Metal Jacket,1987,https://boxd.it/2a1Q,4
2023-09-23,Squid Game,2021,https://boxd.it/x1OG,4
2023-09-23,Nobody,2021,https://boxd.it/mLqS,4
2023-09-23,The Platform,2019,https://boxd.it/mUm6,4.5
2023-09-23,Million Dollar Baby,2004,https://boxd.it/2bdI,4
2023-09-23,The Karate Kid,1984,https://boxd.it/27Wk,4
2023-09-23,Insomnia,2002,https://boxd.it/2aB0,4
2023-09-23,Brothers,2009,https://boxd.it/20WW,4
2023-09-23,WHAT DID JACK DO?,2017,https://boxd.it/jcWe,3.5
2023-09-23,Burnt,2015,https://boxd.it/9mVg,4
2023-09-23,21,2008,https://boxd.it/20BO,4
2023-09-23,The English Game,2020,https://boxd.it/pAda,4
2023-09-23,Knives Out,2019,https://boxd.it/jWEA,3.5
2023-09-23,Tenet,2020,https://boxd.it/leq4,3.5
2023-09-23,Spider-Man,2002,https://boxd.it/2a8i,3.5
2023-09-23,The Dark Knight Rises,2012,https://boxd.it/H3m,3.5
2023-09-23,The Super Mario Bros. Movie,2023,https://boxd.it/i8C8,3.5
2023-09-23,Shrek,2001,https://boxd.it/29zi,3.5
2023-09-23,The Hunger Games,2012,https://boxd.it/2uds,3.5
2023-09-23,The Lion King,1994,https://boxd.it/201Q,3.5
2023-09-23,Shrek 2,2004,https://boxd.it/29z8,3
2023-09-23,Edward Scissorhands,1990,https://boxd.it/2aZc,3.5
2023-09-23,Spider-Man 3,2007,https://boxd.it/2a7Y,3.5
2023-09-23,E.T. the Extra-Terrestrial,1982,https://boxd.it/2a1G,3.5
2023-09-23,The Imitation Game,2014,https://boxd.it/6aig,3.5
2023-09-23,The Hangover,2009,https://boxd.it/1GjK,3.5
2023-09-23,Ready Player One,2018,https://boxd.it/aZes,3.5
2023-09-23,Bird Box,2018,https://boxd.it/eh1i,3.5
2023-09-23,Kung Fu Panda,2008,https://boxd.it/1Yws,3.5
2023-09-23,Beauty and the Beast,1991,https://boxd.it/1XhG,3.5
2023-09-23,Madagascar,2005,https://boxd.it/29dc,3.5
2023-09-23,Ted,2012,https://boxd.it/2pgc,3
2023-09-23,Jumanji,1995,https://boxd.it/1ZLI,3.5
2023-09-23,Snow White and the Seven Dwarfs,1937,https://boxd.it/2arO,3.5
2023-09-23,The Hangover Part II,2011,https://boxd.it/PZI,3.5
2023-09-23,Minions,2015,https://boxd.it/6jCO,3.5
2023-09-23,King Kong,2005,https://boxd.it/2aLa,3.5
2023-09-23,Madagascar: Escape 2 Africa,2008,https://boxd.it/1W2K,3.5
2023-09-23,BlacKkKlansman,2018,https://boxd.it/hxL8,3.5
2023-09-23,The Amazing Spider-Man,2012,https://boxd.it/27PI,3.5
2023-09-23,The Nightmare Before Christmas,1993,https://boxd.it/1YzQ,3.5
2023-09-23,Ice Age,2002,https://boxd.it/2apS,3.5
2023-09-23,Kung Fu Panda 2,2011,https://boxd.it/G36,3.5
2023-09-23,The Karate Kid,2010,https://boxd.it/15HA,3.5
2023-09-23,Madagascar 3: Europe's Most Wanted,2012,https://boxd.it/2NF6,3.5
2023-09-23,Dorian Gray,2009,https://boxd.it/1zaw,3.5
2023-09-23,Miracle in Cell No. 7,2019,https://boxd.it/nFrM,3.5
2023-09-23,Diego Maradona,2019,https://boxd.it/jyoS,3.5
2023-09-23,Pelé: Birth of a Legend,2016,https://boxd.it/7dFE,3.5
2023-09-23,Cado dalle nubi,2009,https://boxd.it/1cjU,3.5
2023-09-23,Dragon Ball Z: The History of Trunks,1993,https://boxd.it/13WI,3.5
2023-09-23,The Playlist,2022,https://boxd.it/DaoE,3.5
2023-09-23,The Talent of the Hornet,2020,https://boxd.it/oXMA,3.5
2023-09-23,The Billion Dollar Code,2021,https://boxd.it/xhPK,4
2023-09-23,Finding Nemo,2003,https://boxd.it/72i,3
2023-09-23,Spider-Man 2,2004,https://boxd.it/2a88,3
2023-09-23,A Trip to Infinity,2022,https://boxd.it/BZsI,3.5
2023-09-23,Stand by Me Doraemon 2,2020,https://boxd.it/rkrO,3
2023-09-23,Sun In Buckets,2013,https://boxd.it/6OiU,3.5
2023-09-23,Home Alone,1990,https://boxd.it/29Fg,3
2023-09-23,The Lego Movie,2014,https://boxd.it/4pDO,3
2023-09-23,Paddington,2014,https://boxd.it/3RKw,3
2023-09-23,Shrek the Third,2007,https://boxd.it/29yY,3
2023-09-23,Murder on the Orient Express,2017,https://boxd.it/dHjA,3
2023-09-23,Monster House,2006,https://boxd.it/1Z2e,3
2023-09-23,Sing,2016,https://boxd.it/b5EQ,2.5
2023-09-23,The Social Dilemma,2020,https://boxd.it/opQI,3
2023-09-23,Transformers: Rise of the Beasts,2023,https://boxd.it/oQTa,3
2023-09-23,Kung Fu Panda 3,2016,https://boxd.it/4uRQ,3
2023-09-23,Despicable Me 3,2017,https://boxd.it/azpu,3
2023-09-23,The Hangover Part III,2013,https://boxd.it/3GNY,3
2023-09-23,Extraction 2,2023,https://boxd.it/q4Zo,2.5
2023-09-23,Oz the Great and Powerful,2013,https://boxd.it/2cAI,3
2023-09-23,Halloween,2007,https://boxd.it/27u6,3
2023-09-23,Django,1966,https://boxd.it/1Vr0,3
2023-09-23,A Dog's Purpose,2017,https://boxd.it/dgSI,2.5
2023-09-23,Dragon Ball Super: Broly,2018,https://boxd.it/iaWE,3
2023-09-23,Happy Feet Two,2011,https://boxd.it/2Om,3
2023-09-23,Pawn Sacrifice,2014,https://boxd.it/7dlE,3
2023-09-23,Who Am I,2014,https://boxd.it/8ND2,3
2023-09-23,DAHMER - Monster: The Jeffrey Dahmer Story,2022,https://boxd.it/CRG0,3
2023-09-23,Insidious: The Red Door,2023,https://boxd.it/mIIu,3
2023-09-23,All the Bright Places,2020,https://boxd.it/bpfQ,2.5
2023-09-23,Dragon Ball Z: Battle of Gods,2013,https://boxd.it/4a0C,3
2023-09-23,Dragon Ball Z: Resurrection 'F',2015,https://boxd.it/9GCI,3
2023-09-23,Dragon Ball Z: Bardock - The Father of Goku,1990,https://boxd.it/13WS,3
2023-09-23,Uncorked,2020,https://boxd.it/oznm,3
2023-09-23,Stand by Me Doraemon,2014,https://boxd.it/7VEK,3
2023-09-23,Welcome to the South,2010,https://boxd.it/IvQ,3
2023-09-23,Welcome to the North,2012,https://boxd.it/3022,2.5
2023-09-23,Doraemon: New Nobita's Great Demon - Peko and the Exploration Party of Five,2014,https://boxd.it/8ReK,3
2023-09-23,Messi,2014,https://boxd.it/8KLM,3
2023-09-23,Doctor Strange in the Multiverse of Madness,2022,https://boxd.it/gaTc,2.5
2023-09-23,Spider-Man: Far From Home,2019,https://boxd.it/fegG,2.5
2023-09-23,Baggio: The Divine Ponytail,2021,https://boxd.it/pWtE,3
2023-09-23,Benji,2018,https://boxd.it/hQUy,3
2023-09-23,What a Beautiful Day,2011,https://boxd.it/wQC,3
2023-09-23,Spider-Man: Homecoming,2017,https://boxd.it/aboM,2
2023-09-23,The Avengers,2012,https://boxd.it/1xFW,2.5
2023-09-23,Bohemian Rhapsody,2018,https://boxd.it/f1TK,2.5
2023-09-23,It,2017,https://boxd.it/bC8e,2.5
2023-09-23,Suicide Squad,2016,https://boxd.it/9row,2
2023-09-23,Venom,2018,https://boxd.it/b8wA,2.5
2023-09-23,Ant-Man and the Wasp: Quantumania,2023,https://boxd.it/nL2y,2.5
2023-09-23,It Chapter Two,2019,https://boxd.it/h10u,2
2023-09-23,Scream VI,2023,https://boxd.it/zdfW,2.5
2023-09-23,The Cabin in the Woods,2011,https://boxd.it/1zOc,2.5
2023-09-23,World War Z,2013,https://boxd.it/2p2E,2.5
2023-09-23,Paddington 2,2017,https://boxd.it/bCF8,2.5
2023-09-23,Scary Movie,2000,https://boxd.it/24CG,2.5
2023-09-23,Halloween Kills,2021,https://boxd.it/mxzG,2.5
2023-09-23,Cloudy with a Chance of Meatballs,2009,https://boxd.it/1A40,2.5
2023-09-23,The Old Guard,2020,https://boxd.it/jY2e,2.5
2023-09-23,Happy Death Day 2U,2019,https://boxd.it/ixt6,2
2023-09-23,The Pope's Exorcist,2023,https://boxd.it/stZ8,2.5
2023-09-23,Central Intelligence,2016,https://boxd.it/9DFE,2
2023-09-23,Hachi: A Dog's Tale,2009,https://boxd.it/1q4a,2.5
2023-09-23,Knock Knock,2015,https://boxd.it/7Q9s,2.5
2023-09-23,Mowgli: Legend of the Jungle,2018,https://boxd.it/el2E,2.5
2023-09-23,Naked,2017,https://boxd.it/fmDe,2.5
2023-09-23,Dragon Ball Z: Broly - The Legendary Super Saiyan,1993,https://boxd.it/1dTu,2.5
2023-09-23,Dragon Ball Z: The Tree of Might,1990,https://boxd.it/14t8,2.5
2023-09-23,My Best Friend Anne Frank,2021,https://boxd.it/tDCK,2.5
2023-09-23,Lost Bullet,2020,https://boxd.it/qqKg,2.5
2023-09-23,Diana,2013,https://boxd.it/3VEM,2.5
2023-09-23,Ghostbusters: Afterlife,2021,https://boxd.it/f4Pw,2.5
2023-09-23,Extraction,2020,https://boxd.it/jUjA,2.5
2023-09-23,Fast X,2023,https://boxd.it/drIu,2.5
2023-09-23,Secchi,2013,https://boxd.it/z8Xu,2.5
2023-09-23,Iqbal,1998,https://boxd.it/KEU,3
2023-09-23,No Hard Feelings,2023,https://boxd.it/xouu,2
2023-09-23,Airplane Mode,2020,https://boxd.it/ofFK,1
2023-09-23,Mega Shark vs. Giant Octopus,2009,https://boxd.it/1HRS,1
2023-09-23,2AM: The Smiling Man,2013,https://boxd.it/xDlC,1.5
2023-09-23,The Christmas Chronicles,2018,https://boxd.it/ja7e,1.5
2023-09-23,The Babysitter: Killer Queen,2020,https://boxd.it/n4VA,1.5
2023-09-23,Grown Ups,2010,https://boxd.it/169a,1.5
2023-09-23,"Monsters, Inc.",2001,https://boxd.it/2a46,3
2023-09-23,The Lego Batman Movie,2017,https://boxd.it/azp0,2.5
2023-09-23,American Sniper,2014,https://boxd.it/5LDy,3.5
2023-09-23,Bambi,1942,https://boxd.it/25AQ,2.5
2023-09-23,Ice Age: The Meltdown,2006,https://boxd.it/2wRk,2.5
2023-09-23,Ice Age: Dawn of the Dinosaurs,2009,https://boxd.it/20iC,3
2023-09-23,Ice Age: Continental Drift,2012,https://boxd.it/lQ2,3
2023-09-23,The Ice Age Adventures of Buck Wild,2022,https://boxd.it/t7Ou,2.5
2023-09-23,The Lego Movie 2: The Second Part,2019,https://boxd.it/8BAU,2
2023-09-23,Ouija: Origin of Evil,2016,https://boxd.it/b5EG,2
2023-09-23,The Secret Life of Pets,2016,https://boxd.it/aJ5E,2
2023-09-23,Revolutionary Road,2008,https://boxd.it/24Le,4
2023-09-27,Moonlight,2016,https://boxd.it/d6bE,3.5
2023-09-28,A Haunting in Venice,2023,https://boxd.it/zGdg,3
2023-09-29,The Wonderful Story of Henry Sugar,2023,https://boxd.it/yNyo,4.5
2023-09-30,A Trip to the Moon,1902,https://boxd.it/29EC,4
2023-09-30,Castello Cavalcanti,2013,https://boxd.it/6WlM,3.5
2023-09-30,Fantastic Mr. Fox,2009,https://boxd.it/1WyQ,4.5
2023-10-01,I Want to Eat Your Pancreas,2018,https://boxd.it/ie6C,3.5
2023-10-01,Poison,2023,https://boxd.it/Is7Q,3
2023-10-04,Isle of Dogs,2018,https://boxd.it/dZrW,4
2023-10-04,Solo,2018,https://boxd.it/iOuU,3
2023-10-05,Barbie,2023,https://boxd.it/bCLK,4
2023-10-05,The Darjeeling Limited,2007,https://boxd.it/24as,4
2023-10-05,Cousin Ben Troop Screening,2012,https://boxd.it/49SS,3
2023-10-06,The Royal Tenenbaums,2001,https://boxd.it/1YHU,3.5
2023-10-12,Everything Everywhere All at Once,2022,https://boxd.it/jUk4,5
2023-10-14,Asteroid City,2023,https://boxd.it/s3ds,4.5
2023-10-15,Mary Poppins Returns,2018,https://boxd.it/e4nU,2.5
2023-10-16,The Swan,2023,https://boxd.it/Is80,3.5
2023-10-16,The Rat Catcher,2023,https://boxd.it/Is8a,4
2023-10-17,Lucia,2004,https://boxd.it/dRVk,3
2023-10-17,Three Fools,2014,https://boxd.it/eUXq,2
2023-10-18,Talk to Me,2022,https://boxd.it/C6uQ,4
2023-10-19,Rosso Malpelo,2007,https://boxd.it/feXq,2
2023-10-19,The Twelve Tasks of Asterix,1976,https://boxd.it/1YOG,3.5
2023-10-19,Asterix the Gaul,1967,https://boxd.it/1ULS,3
2023-10-19,Asterix and Cleopatra,1968,https://boxd.it/1Xv4,3
2023-10-19,Manhunt,2017,https://boxd.it/jY7I,4
2023-10-28,Nightcrawler,2014,https://boxd.it/780m,4
2023-10-28,Mr. Bean's Holiday,2007,https://boxd.it/28Yc,3
2023-10-28,The Worst Week of My Life,2011,https://boxd.it/2HtI,2
2023-10-28,The Worst Christmas of My Life,2012,https://boxd.it/4GJE,1.5
2023-10-29,Saw III,2006,https://boxd.it/2aRC,3.5
2023-10-29,The Audition,2015,https://boxd.it/cEHC,4
2023-11-02,Five Nights at Freddy's,2023,https://boxd.it/ikHu,2
2023-11-02,Texas Chainsaw Massacre,2022,https://boxd.it/ns6c,2
2023-11-02,Happy Death Day,2017,https://boxd.it/fDz4,3
2023-11-04,Nostos,2022,https://boxd.it/BYha,3.5
2023-11-04,Ponyo,2008,https://boxd.it/1S0A,3.5
2023-11-10,Climax,2018,https://boxd.it/ikvo,4
2023-11-10,Saw IV,2007,https://boxd.it/29Sa,3
2023-11-10,Irreversible,2002,https://boxd.it/29as,4.5
2023-11-10,1001 Nights,1998,https://boxd.it/XPc,3
2023-11-11,Inside Out,2015,https://boxd.it/4KHC,3.5
2023-11-12,The Killer,2023,https://boxd.it/u6WE,4
2023-11-12,How to Train Your Dragon 2,2014,https://boxd.it/2TRW,3
2023-11-12,How to Train Your Dragon,2010,https://boxd.it/1WRy,3.5
2023-11-12,Game of the Year,2021,https://boxd.it/voXC,2.5
2023-11-13,The Worst Person in the World,2021,https://boxd.it/oyws,4
2023-11-13,Michael Jackson's Thriller,1983,https://boxd.it/3e76,3.5
2023-11-15,Searching for Bobby Fischer,1993,https://boxd.it/1OmW,3.5
2023-11-15,Chungking Express,1994,https://boxd.it/1UDa,4.5
2023-11-16,Roma,2018,https://boxd.it/f69M,4.5
2023-11-16,Gladiator,2000,https://boxd.it/2b9m,5
2023-11-17,The SpongeBob Movie: Sponge Out of Water,2015,https://boxd.it/6JxU,2.5
2023-11-17,The SpongeBob Movie: Sponge on the Run,2020,https://boxd.it/e1Ac,3
2023-11-18,The Tree of Life,2011,https://boxd.it/1Zu8,4
2023-11-18,The Postman,1994,https://boxd.it/1URG,4
2023-11-19,Call Me by Your Name,2017,https://boxd.it/dYmm,4
2023-11-22,Hello Beautiful,2022,https://boxd.it/t5Aq,2
2023-12-02,Remember the Titans,2000,https://boxd.it/1VLk,4
2023-12-03,Hotel Transylvania,2012,https://boxd.it/2DF6,3
2023-12-15,Race,2016,https://boxd.it/awuc,3.5
2023-12-25,Training Day,2001,https://boxd.it/27A4,4
2023-12-26,Ilary Blasi: The One and Only,2023,https://boxd.it/JLEw,1
2024-01-05,Belle and Sebastian,2013,https://boxd.it/68RS,3
2024-01-05,Modalità aereo,2019,https://boxd.it/l7SA,2
2024-01-05,Sound of Freedom,2023,https://boxd.it/piEi,3
2024-01-07,When They See Us,2019,https://boxd.it/kbJU,4.5
2024-01-19,Forgotten,2017,https://boxd.it/hAJE,4
2024-01-21,The Notebook,2004,https://boxd.it/1UNE,4.5
2024-01-22,Cinema Paradiso,1988,https://boxd.it/1UlA,5
2024-01-22,Ratatouille,2007,https://boxd.it/27ww,4
2024-01-24,"Salò, or the 120 Days of Sodom",1975,https://boxd.it/237s,3.5
2024-01-27,Poor Things,2023,https://boxd.it/tNWU,5
2024-01-29,The Great Gatsby,2013,https://boxd.it/JY,4
2024-01-30,Saltburn,2023,https://boxd.it/z4eg,3.5
2024-02-01,Killers of the Flower Moon,2023,https://boxd.it/gHp0,4
2024-02-02,Chicken Run,2000,https://boxd.it/20Xg,3.5
2024-02-04,The Iron Claw,2023,https://boxd.it/w5Pm,4
2024-02-12,The Boy in the Striped Pyjamas,2008,https://boxd.it/1NOK,3.5
2024-02-13,Minions: The Rise of Gru,2022,https://boxd.it/fz9w,3
2024-02-15,Swindle,2013,https://boxd.it/6rNU,2.5
2024-02-20,Belfast,2021,https://boxd.it/tefG,4
2024-02-24,The Zone of Interest,2023,https://boxd.it/gJsA,4.5
2024-03-01,The Invisible Boy,2014,https://boxd.it/9FPc,2
2024-03-01,Persona,1966,https://boxd.it/29B4,3.5
2024-03-02,Backstroke,2017,https://boxd.it/ghAQ,3
2024-03-02,Snake Bite,2016,https://boxd.it/eORm,3.5
2024-03-10,City of God,2002,https://boxd.it/2a2a,5
2024-03-19,12 Years a Slave,2013,https://boxd.it/2D2e,4.5
2024-03-23,Vacation,2015,https://boxd.it/9n9M,1
2024-03-28,Dune: Part Two,2024,https://boxd.it/pUfA,5
2024-04-14,Road House,2024,https://boxd.it/cdzQ,2.5
2024-04-15,There's Still Tomorrow,2023,https://boxd.it/COrw,5
2024-04-15,Monkey Man,2024,https://boxd.it/kvsO,3.5
2024-04-27,Baby Reindeer,2024,https://boxd.it/MwSa,3.5
2024-04-28,Kill Bill: Vol. 1,2003,https://boxd.it/70w,5
2024-05-04,Challengers,2024,https://boxd.it/zld0,4.5
2024-05-10,Kill Bill: Vol. 2,2004,https://boxd.it/2au4,4
2024-05-21,Journey to Italy,1954,https://boxd.it/26o2,3
2024-06-02,Damage,1992,https://boxd.it/1URm,3.5
2024-06-08,Lost in Translation,2003,https://boxd.it/2b0E,3.5
2024-06-10,Coherence,2013,https://boxd.it/6xza,3.5
2024-06-10,The Witch,2015,https://boxd.it/9X0m,4.5
2024-06-12,Jackie Brown,1997,https://boxd.it/2aVO,4
2024-06-15,The Devil Wears Prada,2006,https://boxd.it/2awE,4.5
2024-06-17,Raging Bull,1980,https://boxd.it/28yI,4
2024-06-18,Hours,2013,https://boxd.it/5jIU,3
2024-06-26,Black Mirror: Bandersnatch,2018,https://boxd.it/kTDG,4
2024-07-05,Don't Worry Darling,2022,https://boxd.it/mViu,4
2024-07-12,One Hundred Steps,2000,https://boxd.it/1nrq,4
2024-07-13,The Next Karate Kid,1994,https://boxd.it/1Uja,3
2024-07-18,The Green Mile,1999,https://boxd.it/2agG,4.5
2024-07-27,Deadpool & Wolverine,2024,https://boxd.it/jq8s,3.5
2024-08-02,Eastern Promises,2007,https://boxd.it/275q,3
2024-08-02,Immaculate,2024,https://boxd.it/Douw,3.5
2024-08-03,My Stepmom's Daughter Is My Ex,2022,https://boxd.it/DdaA,2.5
2024-08-04,Rise of the Guardians,2012,https://boxd.it/2PXw,3.5
2024-08-05,The Dreamers,2003,https://boxd.it/28X4,3.5
2024-08-05,Dimensions of Dialogue,1983,https://boxd.it/1FPq,4
2024-08-05,"Darkness, Light, Darkness",1990,https://boxd.it/oFc,4
2024-08-06,The Margin,1976,https://boxd.it/2mW,2.5
2024-08-09,Underdogs,2013,https://boxd.it/4Pck,3.5
2024-08-10,What Men Want,2019,https://boxd.it/hxiq,2.5
2024-08-11,The Silence of the Lambs,1991,https://boxd.it/2aHW,4
2024-08-19,Tolo Tolo,2020,https://boxd.it/lRIm,3.5
2024-08-20,Ask Me If I'm Happy,2000,https://boxd.it/Dqw,3.5
2024-08-20,Three Men and a Leg,1997,https://boxd.it/16lg,4
2024-08-21,The Killing of a Sacred Deer,2017,https://boxd.it/dZ5G,4
2024-08-23,Requiem for a Dream,2000,https://boxd.it/29VI,5
2024-08-23,Coraline,2009,https://boxd.it/1NhQ,4.5
2024-08-25,The Elephant Man,1980,https://boxd.it/27LQ,5
2024-08-25,Le Pupille,2022,https://boxd.it/AO7M,4
2024-08-27,Youth,2015,https://boxd.it/9Y7S,4.5
2024-08-27,Paradise,1994,https://boxd.it/yDQC,4
2024-08-29,That's Life,1998,https://boxd.it/164k,4
2024-08-30,Orphan: First Kill,2022,https://boxd.it/sxZc,2
2024-09-01,Anatomy of a Fall,2023,https://boxd.it/yuDE,4.5
2024-09-01,Loro,2018,https://boxd.it/jKqw,4.5
2024-09-01,Sabbia,2014,https://boxd.it/ysGm,3
2024-09-08,Perfect Blue,1997,https://boxd.it/1W7A,5
2024-09-09,Ani*Kuri15,2007,https://boxd.it/7OxW,4
2024-09-09,Stand by Me,1986,https://boxd.it/2aOe,3.5
2024-09-10,The Metamorphosis,2024,https://boxd.it/J7Cq,3
2024-09-11,The Metamorphosis of Mr. Samsa,1977,https://boxd.it/6DP4,3.5
2024-09-13,Speak No Evil,2024,https://boxd.it/G9f8,4
2024-09-17,Rango,2011,https://boxd.it/QPk,5
2024-09-25,Closing Time,2024,https://boxd.it/MKc8,3
2024-10-04,Little Nicholas,2009,https://boxd.it/1jCE,3
2024-10-08,Joker: Folie à Deux,2024,https://boxd.it/xBoE,3.5
2024-10-10,The Platform 2,2024,https://boxd.it/Gz88,3.5
2024-10-12,The Party,2017,https://boxd.it/eEVS,4
2024-10-13,When Marnie Was There,2014,https://boxd.it/78pm,3.5
2024-10-14,Salmon,2023,https://boxd.it/EI8C,4
2024-10-15,The Neighbors' Window,2019,https://boxd.it/m92e,4
2024-10-16,Fear Street: 1994,2021,https://boxd.it/lLBk,2
2024-10-16,Alternative Math,2017,https://boxd.it/j4No,3
2024-10-19,Rosemary's Baby,1968,https://boxd.it/29zM,4.5
2024-10-20,Schindler's List,1993,https://boxd.it/2aq2,5
2024-10-20,Smile 2,2024,https://boxd.it/FDA4,4
2024-10-21,Fear Street: 1978,2021,https://boxd.it/lLBu,2.5
2024-10-23,Fear Street: 1666,2021,https://boxd.it/lLBE,2.5
2024-10-30,The Consequences of Love,2004,https://boxd.it/1xgM,4
2024-10-30,Parthenope,2024,https://boxd.it/FWo2,5
2024-10-30,Grave of the Fireflies,1988,https://boxd.it/1RUM,5
2024-11-06,Joseph: King of Dreams,2000,https://boxd.it/1KfM,3.5
2024-11-08,Pearl,2022,https://boxd.it/zPbe,4
2024-11-08,Scream,1996,https://boxd.it/24EC,3.5
2024-11-10,Il Divo,2008,https://boxd.it/1ZNE,4
2024-11-10,Terrifier 3,2024,https://boxd.it/D8tM,1.5
2024-11-10,Terrifier,2016,https://boxd.it/eRzg,1
2024-11-16,GoodFellas,1990,https://boxd.it/29FA,5
2024-11-21,The Substance,2024,https://boxd.it/zanS,4
2024-11-25,(500) Days of Summer,2009,https://boxd.it/1EmM,3.5
2024-12-02,Do the Right Thing,1989,https://boxd.it/29gA,4
2024-12-04,Look Back,2024,https://boxd.it/LjA6,4
2024-12-07,M,1931,https://boxd.it/29vq,4.5
2024-12-09,The Squid and the Whale,2005,https://boxd.it/1VAG,4.5
2024-12-14,Moana 2,2024,https://boxd.it/LcjW,3
2024-12-15,Boogie Nights,1997,https://boxd.it/23um,4.5
2024-12-21,Kirikou and the Sorceress,1998,https://boxd.it/1C3y,4
2025-01-02,Perfect Strangers,2016,https://boxd.it/dgVi,5
2025-01-05,Nosferatu,2024,https://boxd.it/f5eG,4.5
2025-01-17,Frances Ha,2012,https://boxd.it/41Xg,3.5
2025-01-18,Blue Velvet,1986,https://boxd.it/29BI,4
2025-01-29,Lost Highway,1997,https://boxd.it/29Wc,5
2025-01-30,A Man Called Otto,2022,https://boxd.it/zl06,3.5
2025-02-02,Companion,2025,https://boxd.it/F04o,3
2025-02-03,Barbie in A Mermaid Tale,2010,https://boxd.it/1ehc,1.5
2025-02-03,Juror #2,2024,https://boxd.it/FRwU,3.5
2025-02-03,Truth or Dare,2018,https://boxd.it/grIA,1.5
2025-02-05,Aftersun,2022,https://boxd.it/Arw0,4
2025-02-06,Beauty Is Not a Sin,2024,https://boxd.it/OnXa,2
2025-02-07,Enter the Void,2009,https://boxd.it/1dy2,5
2025-02-08,Strange Way of Life,2023,https://boxd.it/Aomw,2.5
2025-02-08,Reality+,2014,https://boxd.it/cIEC,3.5
2025-02-12,Call Me Francis,2015,https://boxd.it/cROm,3
2025-02-19,The Man Without a Past,2002,https://boxd.it/212g,4.5
2025-02-19,The Sweet East,2023,https://boxd.it/CcHw,4
2025-02-19,Don't Move,2024,https://boxd.it/EfWy,1.5
2025-02-20,Maurice's Bar,2023,https://boxd.it/GoW2,4.5
2025-02-21,The Grudge,2019,https://boxd.it/gE0Q,0.5
2025-02-24,Amélie,2001,https://boxd.it/2aUc,4.5
2025-02-24,Sausage Party,2016,https://boxd.it/6CCe,2
2025-02-25,The Brutalist,2024,https://boxd.it/k4BO,4.5
2025-02-25,Evan Almighty,2007,https://boxd.it/26s4,3.5
2025-02-25,Noah,2014,https://boxd.it/34QA,3
2025-02-26,Incoherence,1994,https://boxd.it/2fSK,4
2025-02-28,Diary of a Nymphomaniac,2008,https://boxd.it/1FxG,2
2025-02-28,365 Days,2020,https://boxd.it/oJ9O,1
2025-03-02,Heretic,2024,https://boxd.it/H1lY,4
2025-03-03,Y Tu Mamá También,2001,https://boxd.it/28QM,4
2025-03-04,In the Mood for Love,2000,https://boxd.it/29tE,4
2025-03-08,"Girl, Interrupted",1999,https://boxd.it/25ds,4.5
2025-03-11,The Girl with the Needle,2024,https://boxd.it/KQ3M,4
2025-03-11,L'avance,2024,https://boxd.it/QgjQ,3.5
2025-03-13,The Little Prince,2015,https://boxd.it/9WbS,4
2025-03-16,Tokyo Sonata,2008,https://boxd.it/1ZxQ,5
2025-03-21,Adolescence,2025,https://boxd.it/TFGw,4
2025-03-21,Eric,2024,https://boxd.it/NsHE,3.5
2025-03-23,Bridget Jones's Diary,2001,https://boxd.it/29WQ,3
2025-03-30,The Virgin Suicides,1999,https://boxd.it/28JG,3.5
2025-04-05,Fallen Angels,1995,https://boxd.it/1UkW,4.5
2025-04-05,Io Capitano,2023,https://boxd.it/zmrM,4.5
2025-04-12,Black Mirror: The Entire History of You,2011,https://boxd.it/hQZ4,2.5
2025-04-12,Black Mirror: Shut Up and Dance,2016,https://boxd.it/hRRq,4
2025-04-12,Black Mirror: Men Against Fire,2016,https://boxd.it/hSBS,3
2025-04-12,Black Mirror: USS Callister,2017,https://boxd.it/hQXi,3
2025-04-12,Black Mirror: Arkangel,2017,https://boxd.it/hQXW,3.5
2025-04-12,Black Mirror: Metalhead,2017,https://boxd.it/hRqk,2.5
2025-04-12,Black Mirror: Common People,2025,https://boxd.it/U1Vy,3.5
2025-04-12,"Love, Death & Robots: The Very Pulse of the Machine",2022,https://boxd.it/AW5O,3.5
2025-04-12,"Love, Death & Robots: Night of the Mini Dead",2022,https://boxd.it/AW6s,3.5
2025-04-12,"Love, Death & Robots: Kill Team Kill",2022,https://boxd.it/AW6M,3
2025-04-12,"Love, Death & Robots: Ice Age",2019,https://boxd.it/lJG8,3
2025-04-12,"Love, Death & Robots: Helping Hand",2019,https://boxd.it/lJGW,4
2025-04-12,"Love, Death & Robots: Three Robots",2019,https://boxd.it/lECK,4
2025-04-14,Bao,2018,https://boxd.it/iEl4,4
2025-04-14,"Love, Death & Robots: Bad Travelling",2022,https://boxd.it/BykM,4.5
2025-04-14,"Love, Death & Robots: Beyond the Aquila Rift",2019,https://boxd.it/lGTe,4
2025-04-14,"Love, Death & Robots: When the Yogurt Took Over",2019,https://boxd.it/lFSY,3
2025-04-14,"Love, Death & Robots: Sonnie's Edge",2019,https://boxd.it/lECg,3.5
2025-04-15,"Love, Death & Robots: The Secret War",2019,https://boxd.it/lN0g,3.5
2025-04-16,Black Mirror: The National Anthem,2011,https://boxd.it/hQYK,4
2025-04-16,Black Mirror: The Waldo Moment,2013,https://boxd.it/hRpQ,3
2025-04-16,Black Mirror: San Junipero,2016,https://boxd.it/k4aS,3.5
2025-04-17,Black Mirror: Plaything,2025,https://boxd.it/U1VS,3.5
2025-04-18,Black Mirror: White Christmas,2014,https://boxd.it/B3qu,4
2025-04-18,Black Mirror: White Bear,2013,https://boxd.it/hRpG,3.5
2025-04-19,Black Mirror: Nosedive,2016,https://boxd.it/hK9G,3.5
2025-04-19,"Black Mirror: Rachel, Jack and Ashley Too",2019,https://boxd.it/mltQ,2
2025-04-19,Black Mirror: Bête Noire,2025,https://boxd.it/U1VI,2.5
2025-04-19,Black Mirror: Playtest,2016,https://boxd.it/hRR6,3.5
2025-04-19,Black Mirror: Be Right Back,2013,https://boxd.it/hRpw,3
2025-04-20,Inside Out 2,2024,https://boxd.it/CFrC,3.5
2025-04-21,Drop,2025,https://boxd.it/LyPq,2.5
2025-04-22,Us,2019,https://boxd.it/gnV6,4
2025-04-23,Super Size Me,2004,https://boxd.it/1YQC,3.5
2025-04-26,Black Mirror: Fifteen Million Merits,2011,https://boxd.it/hQYU,3.5
2025-04-26,Black Mirror: USS Callister – Into Infinity,2025,https://boxd.it/U1Wm,3
2025-04-26,Black Mirror: Eulogy,2025,https://boxd.it/U1Ww,3.5
2025-04-26,Black Mirror: Hotel Reverie,2025,https://boxd.it/U1V4,3.5
2025-04-26,Make Me a Sandwich,2019,https://boxd.it/nDyG,1.5
2025-04-27,Until Dawn,2025,https://boxd.it/KOb0,1.5
2025-04-30,8½,1963,https://boxd.it/2aqm,5
2025-05-02,The Father,2020,https://boxd.it/m8Ie,4.5
2025-05-03,"The Legend of Al, John and Jack",2002,https://boxd.it/164a,3.5
2025-05-06,Conclave,2024,https://boxd.it/AO8q,4.5
2025-05-08,Mystic River,2003,https://boxd.it/2aAG,3.5
2025-05-10,Sleepers,1996,https://boxd.it/29xw,4
2025-05-12,Enemy,2013,https://boxd.it/5xtO,4
2025-05-14,The Texas Chain Saw Massacre,1974,https://boxd.it/1lcS,4
2025-05-16,The Northman,2022,https://boxd.it/nK2s,4.5
2025-05-16,"Love, Death & Robots: Alternate Histories",2019,https://boxd.it/lJHg,3.5
2025-05-17,"Love, Death & Robots: Can't Stop",2025,https://boxd.it/UZQe,3
2025-05-17,"Love, Death & Robots: Close Encounters of the Mini Kind",2025,https://boxd.it/UZOC,3.5
2025-05-17,"Love, Death & Robots: Spider Rose",2025,https://boxd.it/UZQo,3
2025-05-17,"Love, Death & Robots: 400 Boys",2025,https://boxd.it/UZQ4,3.5
2025-05-17,"Love, Death & Robots: The Other Large Thing",2025,https://boxd.it/UZPK,4
2025-05-17,"Love, Death & Robots: Golgotha",2025,https://boxd.it/UZQy,2
2025-05-17,"Love, Death & Robots: The Screaming of the Tyrannosaur",2025,https://boxd.it/UZOW,3.5
2025-05-17,"Love, Death & Robots: How Zeke Got Religion",2025,https://boxd.it/UZPq,4
2025-05-17,"Love, Death & Robots: Smart Appliances, Stupid Owners",2025,https://boxd.it/UZPU,3
2025-05-17,"Love, Death & Robots: For He Can Creep",2025,https://boxd.it/UZP6,3.5
2025-05-30,The Phoenician Scheme,2025,https://boxd.it/H0Ca,4.5
2025-05-31,Nowhere,2023,https://boxd.it/HypO,2.5
2025-06-07,Seven Samurai,1954,https://boxd.it/2axi,5
2025-06-08,The Florida Project,2017,https://boxd.it/dMG0,4.5
2025-06-08,World of Glory,1991,https://boxd.it/Sss,4
2025-06-10,The House,2022,https://boxd.it/yVza,4.5
2025-06-11,This Must Be the Place,2011,https://boxd.it/ws6,4.5
2025-06-15,Cast Away,2000,https://boxd.it/20i8,3.5
2025-06-20,Birdman or (The Unexpected Virtue of Ignorance),2014,https://boxd.it/5RFA,4.5
2025-06-21,Dr. Strangelove or: How I Learned to Stop Worrying and Love the Bomb,1964,https://boxd.it/29eY,5
2025-06-23,Scenes from a Marriage,1974,https://boxd.it/4kJC,4
2025-07-02,28 Days Later,2002,https://boxd.it/2aXU,4
2025-07-12,Circle,2015,https://boxd.it/b5So,3
2025-07-22,Revenge,2017,https://boxd.it/gL9g,3.5
2025-07-23,Skins,2017,https://boxd.it/fsVI,2
2025-07-24,The Lobster,2015,https://boxd.it/7tnw,4.5
2025-07-25,Zathura: A Space Adventure,2005,https://boxd.it/21mq,3.5
2025-08-07,Twin Peaks,1989,https://boxd.it/g8pk,5
2025-08-08,Twin Peaks: Fire Walk with Me,1992,https://boxd.it/27Qw,4.5
2025-08-10,Dead Poets Society,1989,https://boxd.it/2aSg,4
2025-08-12,Lux Æterna,2019,https://boxd.it/m6b8,3.5
2025-08-12,Late Night with the Devil,2023,https://boxd.it/zo6G,4
2025-08-17,Mia,2023,https://boxd.it/EvWO,3.5
2025-08-20,The Boy and the Heron,2023,https://boxd.it/ipeM,3.5
2025-08-31,Come and See,1985,https://boxd.it/1w9q,5
2025-09-12,Elephant,2003,https://boxd.it/287i,4
2025-09-13,The Conjuring: Last Rites,2025,https://boxd.it/Dh8e,3
2025-09-18,The Money,2004,https://boxd.it/mM2s,3
2025-09-20,If Anything Happens I Love You,2020,https://boxd.it/qIv4,4
2025-09-21,Corpse Bride,2005,https://boxd.it/24WQ,4
2025-09-28,Charlie and the Chocolate Factory,2005,https://boxd.it/2b68,4
2025-10-06,One Battle After Another,2025,https://boxd.it/DUHM,4.5
2025-10-07,Queer,2024,https://boxd.it/E4RW,4
2025-10-10,X,2022,https://boxd.it/sxVa,4
2025-10-11,Together,2025,https://boxd.it/LdFE,3
2025-10-13,Megalopolis,2024,https://boxd.it/lPBS,2.5
2025-10-14,The Straight Story,1999,https://boxd.it/2ass,3.5
2025-10-16,The Intern,2015,https://boxd.it/7AOE,3.5
2025-10-16,Uncut Gems,2019,https://boxd.it/gXGc,4.5
2025-10-18,Il Baracchino,2025,https://boxd.it/VBCk,4
2025-10-21,Secret Level - Sifu: It Takes a Life,2024,https://boxd.it/RSuk,4.5
2025-10-21,Secret Level - Dungeons & Dragons: The Queen's Cradle,2024,https://boxd.it/RSua,3.5
2025-10-26,The Players,2020,https://boxd.it/mtOs,2.5
2025-11-01,MaXXXine,2024,https://boxd.it/CIM4,3
2025-11-11,The Cord,2019,https://boxd.it/sjDc,4
2025-12-03,Jobs,2013,https://boxd.it/3RcY,3.5
2025-12-08,Arrival,2016,https://boxd.it/aNGk,4.5
2025-12-12,Five Nights at Freddy's 2,2025,https://boxd.it/KEvY,2.5
2025-12-17,Where Am I Going?,2016,https://boxd.it/d0rm,3.5
2025-12-18,War Dogs,2016,https://boxd.it/9SlO,4
2025-12-23,Avatar: Fire and Ash,2025,https://boxd.it/2W7s,4
2025-12-24,Nuremberg,2025,https://boxd.it/K6qU,4.5
2026-01-03,Road Trip,2000,https://boxd.it/1Z4a,2.5
2026-01-08,Buen Camino,2025,https://boxd.it/UDrG,3.5
2026-01-16,Stranger Things 5: The Finale,2025,https://boxd.it/YqXW,3.5
2026-01-17,Zootopia,2016,https://boxd.it/84xS,3.5
2026-01-17,No Other Choice,2025,https://boxd.it/nKiA,5
2026-01-20,Sympathy for Mr. Vengeance,2002,https://boxd.it/23WU,4.5
2026-01-21,Lady Vengeance,2005,https://boxd.it/248G,4
2026-01-22,Home,2015,https://boxd.it/6JxA,2
2026-01-22,Playing God,2024,https://boxd.it/OoPc,4
2026-01-23,One Man Up,2001,https://boxd.it/wsK,4.5
2026-01-23,La Grazia,2025,https://boxd.it/RLHm,4.5
2026-01-28,Casino Royale,2006,https://boxd.it/1alk,4
2026-01-30,Compagni di scuola,1988,https://boxd.it/o9K,4.5
2026-02-05,Marty Supreme,2025,https://boxd.it/Off0,4.5
2026-02-11,Following,1998,https://boxd.it/1Tj4,4.5
2026-02-11,The Housemaid,2025,https://boxd.it/QFEO,3.5
2026-02-13,Una terapia di gruppo,2024,https://boxd.it/OGxU,3
2026-02-15,AlphaGo,2017,https://boxd.it/geTA,4
2026-02-18,Crime 101,2026,https://boxd.it/IoGs,3.5
2026-03-13,How to Have Sex,2023,https://boxd.it/EFIM,3.5
2026-03-22,Sinners,2025,https://boxd.it/KQMM,4.5
2026-03-23,Project Hail Mary,2026,https://boxd.it/pEeQ,4.5
2026-03-27,Polytechnique,2009,https://boxd.it/1AMG,4
2026-05-10,Unnatural Selection,2019,https://boxd.it/pv4C,4
2026-05-14,Michael,2026,https://boxd.it/zi5M,4
2026-05-14,The Devil Wears Prada 2,2026,https://boxd.it/Oags,3
2026-05-19,Obsession,2025,https://boxd.it/PNqo,4
2026-05-23,La Pallastrike sull'Isola di Pasqua,2008,https://boxd.it/mwdO,3.5
2026-05-23,Gli Straspeed a Crazy World,2008,https://boxd.it/uBlk,3.5
